{"cameraMode":{"drawMode":0,"name":"Shaded","section":"Shading Mode"},"sceneLighting":true,"audioPlay":false,"sceneViewState":{"m_AlwaysRefresh":false,"showFog":true,"showSkybox":true,"showFlares":true,"showImageEffects":true,"showParticleSystems":true,"showVisualEffectGraphs":true,"m_FxEnabled":true},"in2DMode":false,"pivot":{"x":0.32092681527137759,"y":3.7991983890533449,"z":-6.179990291595459},"rotation":{"x":-0.19994467496871949,"y":0.03219964727759361,"z":-0.006573039572685957,"w":-0.9792612791061401},"size":0.6528323292732239,"orthographic":false}